transaction_id,date,customer_id,gender,age,product_category,quantity,price_per_unit,total_amount
1,2023-11-24,CUST001,Male,34,Beauty,3,50,150
2,2023-11-25,CUST002,Female,26,Clothing,2,500,1000
3,2023-11-26,CUST003,Male,50,Electronics,1,30,30
4,2023-11-27,CUST004,Male,37,Clothing,1,500,500
5,2023-11-28,CUST005,Male,30,Beauty,2,50,100
6,2023-11-29,CUST006,Female,45,Beauty,1,30,30
7,2023-11-30,CUST007,Male,46,Clothing,2,25,50
8,2023-12-01,CUST008,Male,30,Electronics,4,25,100
9,2023-12-02,CUST009,Male,63,Electronics,2,300,600
10,2023-12-03,CUST010,Female,52,Clothing,4,50,200
11,2023-12-04,CUST011,Male,23,Clothing,2,50,100
12,2023-12-05,CUST012,Male,35,Beauty,3,25,75
13,2023-12-06,CUST013,Male,22,Electronics,3,500,1500
14,2023-12-07,CUST014,Male,64,Clothing,4,30,120
15,2023-12-08,CUST015,Female,42,Electronics,4,500,2000
16,2023-12-09,CUST016,Male,19,Clothing,3,500,1500
17,2023-12-10,CUST017,Female,27,Clothing,4,25,100
18,2023-12-11,CUST018,Female,47,Electronics,2,25,50
19,2023-12-12,CUST019,Female,62,Clothing,2,25,50
20,2023-12-13,CUST020,Male,22,Clothing,3,300,900
21,2023-12-14,CUST021,Female,50,Beauty,1,500,500
22,2023-12-15,CUST022,Male,18,Clothing,2,50,100
23,2023-12-16,CUST023,Female,35,Clothing,4,30,120
24,2023-12-17,CUST024,Female,49,Clothing,1,300,300
25,2023-12-18,CUST025,Female,64,Beauty,1,50,50
26,2023-12-19,CUST026,Female,28,Electronics,2,500,1000
27,2023-12-20,CUST027,Female,38,Beauty,2,25,50
28,2023-12-21,CUST028,Female,43,Beauty,1,500,500
29,2023-12-22,CUST029,Female,42,Electronics,1,30,30
30,2023-12-23,CUST030,Female,39,Beauty,3,300,900
31,2023-12-24,CUST031,Male,44,Electronics,4,300,1200
32,2023-12-25,CUST032,Male,30,Beauty,3,30,90
33,2023-12-26,CUST033,Female,50,Electronics,2,50,100
34,2023-12-27,CUST034,Female,51,Clothing,3,50,150
35,2023-12-28,CUST035,Female,58,Beauty,3,300,900
36,2023-12-29,CUST036,Male,52,Beauty,3,300,900
37,2023-12-30,CUST037,Female,18,Beauty,3,25,75
38,2023-12-31,CUST038,Male,38,Beauty,4,50,200
39,2024-01-01,CUST039,Male,23,Clothing,4,30,120
40,2024-01-02,CUST040,Male,45,Beauty,1,50,50
41,2024-01-03,CUST041,Male,34,Clothing,2,25,50
42,2024-01-04,CUST042,Male,22,Clothing,3,300,900
43,2024-01-05,CUST043,Female,48,Clothing,1,300,300
44,2024-01-06,CUST044,Female,22,Clothing,1,25,25
45,2024-01-07,CUST045,Female,55,Electronics,1,30,30
46,2024-01-08,CUST046,Female,20,Electronics,4,300,1200
47,2024-01-09,CUST047,Female,40,Beauty,3,500,1500
48,2024-01-10,CUST048,Male,54,Electronics,3,300,900
49,2024-01-11,CUST049,Female,54,Electronics,2,500,1000
50,2024-01-12,CUST050,Female,27,Beauty,3,25,75
51,2024-01-13,CUST051,Male,27,Beauty,3,25,75
52,2024-01-14,CUST052,Female,36,Beauty,1,300,300
53,2024-01-15,CUST053,Male,34,Electronics,2,50,100
54,2024-01-16,CUST054,Female,38,Electronics,3,500,1500
55,2024-01-17,CUST055,Male,31,Beauty,4,30,120
56,2024-01-18,CUST056,Female,26,Clothing,3,300,900
57,2024-01-19,CUST057,Female,63,Beauty,1,30,30
58,2024-01-20,CUST058,Male,18,Clothing,4,300,1200
59,2024-01-21,CUST059,Male,62,Clothing,1,50,50
60,2024-01-22,CUST060,Male,30,Beauty,3,50,150
61,2024-01-23,CUST061,Male,21,Beauty,4,50,200
62,2024-01-24,CUST062,Male,18,Beauty,2,50,100
63,2024-01-25,CUST063,Male,57,Electronics,2,25,50
64,2024-01-26,CUST064,Male,49,Clothing,4,25,100
65,2024-01-27,CUST065,Male,51,Electronics,4,500,2000
66,2024-01-28,CUST066,Female,45,Electronics,1,30,30
67,2024-01-29,CUST067,Female,48,Beauty,4,300,1200
68,2024-01-30,CUST068,Male,25,Electronics,1,300,300
69,2024-01-31,CUST069,Female,56,Beauty,3,25,75
70,2024-02-01,CUST070,Female,43,Clothing,1,300,300
71,2024-02-02,CUST071,Female,51,Beauty,4,25,100
72,2024-02-03,CUST072,Female,20,Electronics,4,500,2000
73,2024-02-04,CUST073,Male,29,Electronics,3,30,90
74,2024-02-05,CUST074,Female,18,Beauty,4,500,2000
75,2024-02-06,CUST075,Male,61,Beauty,4,50,200
76,2024-02-07,CUST076,Female,22,Electronics,2,50,100
77,2024-02-08,CUST077,Female,47,Clothing,2,50,100
78,2024-02-09,CUST078,Female,47,Clothing,3,500,1500
79,2024-02-10,CUST079,Male,34,Beauty,1,300,300
80,2024-02-11,CUST080,Female,64,Clothing,2,30,60
81,2024-02-12,CUST081,Male,40,Electronics,1,50,50
82,2024-02-13,CUST082,Female,32,Beauty,4,50,200
83,2024-02-14,CUST083,Male,54,Electronics,2,50,100
84,2024-02-15,CUST084,Female,38,Electronics,3,30,90
85,2024-02-16,CUST085,Male,31,Clothing,3,50,150
86,2024-02-17,CUST086,Male,19,Beauty,3,30,90
87,2024-02-18,CUST087,Female,28,Beauty,2,50,100
88,2024-02-19,CUST088,Male,56,Clothing,1,500,500
89,2024-02-20,CUST089,Female,55,Electronics,4,500,2000
90,2024-02-21,CUST090,Female,51,Electronics,1,30,30
91,2024-02-22,CUST091,Female,55,Electronics,1,500,500
92,2024-02-23,CUST092,Female,51,Electronics,4,30,120
93,2024-02-24,CUST093,Female,35,Beauty,4,500,2000
94,2024-02-25,CUST094,Female,47,Beauty,2,500,1000
95,2024-02-26,CUST095,Female,32,Clothing,2,30,60
96,2024-02-27,CUST096,Female,44,Clothing,2,300,600
97,2024-02-28,CUST097,Female,51,Beauty,2,500,1000
98,2024-02-29,CUST098,Female,55,Beauty,2,50,100
99,2024-03-01,CUST099,Female,50,Electronics,4,300,1200
100,2024-03-02,CUST100,Male,41,Electronics,1,30,30
101,2024-03-03,CUST101,Male,32,Clothing,2,300,600
102,2024-03-04,CUST102,Female,47,Beauty,2,25,50
103,2024-03-05,CUST103,Female,59,Clothing,1,25,25
104,2024-03-06,CUST104,Female,34,Beauty,2,500,1000
105,2024-03-07,CUST105,Female,22,Electronics,1,500,500
106,2024-03-08,CUST106,Female,46,Clothing,1,50,50
107,2024-03-09,CUST107,Female,21,Clothing,4,300,1200
108,2024-03-10,CUST108,Female,27,Beauty,3,25,75
109,2024-03-11,CUST109,Female,34,Electronics,4,500,2000
110,2024-03-12,CUST110,Male,27,Clothing,3,300,900
111,2024-03-13,CUST111,Female,34,Electronics,3,500,1500
112,2024-03-14,CUST112,Male,37,Clothing,3,500,1500
113,2024-03-15,CUST113,Female,41,Electronics,2,25,50
114,2024-03-16,CUST114,Female,22,Beauty,4,25,100
115,2024-03-17,CUST115,Male,51,Clothing,3,500,1500
116,2024-03-18,CUST116,Female,23,Clothing,1,30,30
117,2024-03-19,CUST117,Male,19,Electronics,2,500,1000
118,2024-03-20,CUST118,Female,30,Electronics,4,500,2000
119,2024-03-21,CUST119,Female,60,Clothing,3,50,150
120,2024-03-22,CUST120,Male,60,Beauty,1,50,50
121,2024-03-23,CUST121,Female,28,Electronics,4,50,200
122,2024-03-24,CUST122,Male,64,Electronics,4,30,120
123,2024-03-25,CUST123,Female,40,Electronics,2,30,60
124,2024-03-26,CUST124,Male,33,Clothing,4,500,2000
125,2024-03-27,CUST125,Male,48,Clothing,2,50,100
126,2024-03-28,CUST126,Female,28,Clothing,3,30,90
127,2024-03-29,CUST127,Female,33,Clothing,2,25,50
128,2024-03-30,CUST128,Male,25,Beauty,1,500,500
129,2024-03-31,CUST129,Female,21,Beauty,2,300,600
130,2024-04-01,CUST130,Female,57,Clothing,1,500,500
131,2024-04-02,CUST131,Female,21,Beauty,2,300,600
132,2024-04-03,CUST132,Male,42,Electronics,4,50,200
133,2024-04-04,CUST133,Male,20,Electronics,3,300,900
134,2024-04-05,CUST134,Male,49,Electronics,1,50,50
135,2024-04-06,CUST135,Male,20,Clothing,2,25,50
136,2024-04-07,CUST136,Male,44,Electronics,2,300,600
137,2024-04-08,CUST137,Male,46,Beauty,2,500,1000
138,2024-04-09,CUST138,Male,49,Clothing,4,50,200
139,2024-04-10,CUST139,Male,36,Beauty,4,500,2000
140,2024-04-11,CUST140,Male,38,Electronics,1,30,30
141,2024-04-12,CUST141,Female,22,Electronics,1,50,50
142,2024-04-13,CUST142,Male,35,Electronics,4,300,1200
143,2024-04-14,CUST143,Female,45,Clothing,1,50,50
144,2024-04-15,CUST144,Female,59,Beauty,3,500,1500
145,2024-04-16,CUST145,Female,39,Clothing,3,25,75
146,2024-04-17,CUST146,Male,38,Clothing,4,50,200
147,2024-04-18,CUST147,Male,23,Electronics,1,300,300
148,2024-04-19,CUST148,Male,18,Clothing,2,30,60
149,2024-04-20,CUST149,Male,22,Clothing,3,25,75
150,2024-04-21,CUST150,Female,58,Electronics,4,30,120
151,2024-04-22,CUST151,Male,29,Clothing,1,50,50
152,2024-04-23,CUST152,Male,43,Electronics,4,500,2000
153,2024-04-24,CUST153,Male,63,Electronics,2,500,1000
154,2024-04-25,CUST154,Male,51,Electronics,3,300,900
155,2024-04-26,CUST155,Male,31,Electronics,4,500,2000
156,2024-04-27,CUST156,Female,43,Clothing,4,25,100
157,2024-04-28,CUST157,Male,62,Electronics,4,500,2000
158,2024-04-29,CUST158,Female,44,Electronics,2,300,600
159,2024-04-30,CUST159,Male,26,Clothing,4,50,200
160,2024-05-01,CUST160,Female,43,Clothing,2,50,100
161,2024-05-02,CUST161,Male,64,Beauty,2,500,1000
162,2024-05-03,CUST162,Male,39,Clothing,2,30,60
163,2024-05-04,CUST163,Female,64,Clothing,3,50,150
164,2024-05-05,CUST164,Female,47,Beauty,3,500,1500
165,2024-05-06,CUST165,Female,60,Clothing,4,300,1200
166,2024-05-07,CUST166,Male,34,Clothing,4,500,2000
167,2024-05-08,CUST167,Female,43,Clothing,3,50,150
168,2024-05-09,CUST168,Male,53,Clothing,1,300,300
169,2024-05-10,CUST169,Male,18,Beauty,3,500,1500
170,2024-05-11,CUST170,Female,25,Clothing,2,25,50
171,2024-05-12,CUST171,Female,52,Clothing,3,300,900
172,2024-05-13,CUST172,Male,32,Beauty,2,25,50
173,2024-05-14,CUST173,Male,64,Electronics,4,30,120
174,2024-05-15,CUST174,Female,39,Beauty,1,300,300
175,2024-05-16,CUST175,Female,31,Electronics,4,25,100
176,2024-05-17,CUST176,Female,43,Beauty,2,50,100
177,2024-05-18,CUST177,Male,45,Beauty,2,50,100
178,2024-05-19,CUST178,Male,40,Clothing,2,30,60
179,2024-05-20,CUST179,Male,31,Electronics,1,300,300
180,2024-05-21,CUST180,Male,41,Clothing,3,300,900
181,2024-05-22,CUST181,Male,19,Electronics,4,300,1200
182,2024-05-23,CUST182,Male,62,Beauty,4,30,120
183,2024-05-24,CUST183,Female,43,Beauty,3,300,900
184,2024-05-25,CUST184,Male,31,Electronics,4,50,200
185,2024-05-26,CUST185,Male,24,Clothing,1,25,25
186,2024-05-27,CUST186,Male,20,Clothing,4,50,200
187,2024-05-28,CUST187,Female,64,Clothing,2,50,100
188,2024-05-29,CUST188,Male,40,Clothing,3,25,75
189,2024-05-30,CUST189,Male,63,Beauty,1,50,50
190,2024-05-31,CUST190,Female,60,Beauty,3,30,90
191,2024-06-01,CUST191,Male,64,Beauty,1,25,25
192,2024-06-02,CUST192,Male,62,Beauty,2,50,100
193,2024-06-03,CUST193,Male,35,Beauty,3,500,1500
194,2024-06-04,CUST194,Male,55,Clothing,4,50,200
195,2024-06-05,CUST195,Male,52,Clothing,1,30,30
196,2024-06-06,CUST196,Female,32,Clothing,3,300,900
197,2024-06-07,CUST197,Female,42,Clothing,4,50,200
198,2024-06-08,CUST198,Female,54,Beauty,3,300,900
199,2024-06-09,CUST199,Male,45,Beauty,3,500,1500
200,2024-06-10,CUST200,Male,27,Beauty,3,50,150
201,2024-06-11,CUST201,Male,56,Electronics,1,25,25
202,2024-06-12,CUST202,Female,34,Clothing,4,300,1200
203,2024-06-13,CUST203,Male,56,Clothing,2,500,1000
204,2024-06-14,CUST204,Male,39,Beauty,1,25,25
205,2024-06-15,CUST205,Female,43,Clothing,1,25,25
206,2024-06-16,CUST206,Male,61,Clothing,1,25,25
207,2024-06-17,CUST207,Female,42,Beauty,2,25,50
208,2024-06-18,CUST208,Female,34,Electronics,4,50,200
209,2024-06-19,CUST209,Female,30,Electronics,4,50,200
210,2024-06-20,CUST210,Male,37,Electronics,4,50,200
211,2024-06-21,CUST211,Male,42,Beauty,3,500,1500
212,2024-06-22,CUST212,Male,21,Clothing,3,500,1500
213,2024-06-23,CUST213,Male,27,Beauty,3,500,1500
214,2024-06-24,CUST214,Male,20,Beauty,2,30,60
215,2024-06-25,CUST215,Male,58,Clothing,3,500,1500
216,2024-06-26,CUST216,Male,62,Electronics,2,50,100
217,2024-06-27,CUST217,Female,35,Electronics,4,50,200
218,2024-06-28,CUST218,Male,64,Beauty,3,30,90
219,2024-06-29,CUST219,Female,53,Electronics,3,30,90
220,2024-06-30,CUST220,Male,64,Beauty,1,500,500
221,2024-07-01,CUST221,Male,39,Beauty,2,300,600
222,2024-07-02,CUST222,Male,51,Clothing,4,30,120
223,2024-07-03,CUST223,Female,64,Clothing,1,25,25
224,2024-07-04,CUST224,Female,25,Clothing,1,50,50
225,2024-07-05,CUST225,Female,57,Beauty,4,25,100
226,2024-07-06,CUST226,Female,61,Clothing,1,50,50
227,2024-07-07,CUST227,Male,36,Electronics,2,50,100
228,2024-07-08,CUST228,Female,59,Electronics,2,30,60
229,2024-07-09,CUST229,Male,58,Beauty,3,30,90
230,2024-07-10,CUST230,Male,54,Beauty,1,25,25
231,2024-07-11,CUST231,Female,23,Clothing,3,50,150
232,2024-07-12,CUST232,Female,43,Beauty,1,25,25
233,2024-07-13,CUST233,Female,51,Beauty,2,300,600
234,2024-07-14,CUST234,Female,62,Electronics,2,25,50
235,2024-07-15,CUST235,Female,23,Electronics,2,500,1000
236,2024-07-16,CUST236,Female,54,Clothing,1,25,25
237,2024-07-17,CUST237,Female,50,Beauty,2,500,1000
238,2024-07-18,CUST238,Female,39,Beauty,1,500,500
239,2024-07-19,CUST239,Male,38,Electronics,3,500,1500
240,2024-07-20,CUST240,Female,23,Beauty,1,300,300
241,2024-07-21,CUST241,Female,23,Electronics,3,25,75
242,2024-07-22,CUST242,Male,21,Clothing,1,25,25
243,2024-07-23,CUST243,Female,47,Electronics,3,300,900
244,2024-07-24,CUST244,Male,28,Beauty,2,50,100
245,2024-07-25,CUST245,Male,47,Clothing,3,30,90
246,2024-07-26,CUST246,Female,48,Electronics,2,25,50
247,2024-07-27,CUST247,Male,41,Electronics,2,30,60
248,2024-07-28,CUST248,Male,26,Clothing,3,300,900
249,2024-07-29,CUST249,Male,20,Clothing,1,50,50
250,2024-07-30,CUST250,Male,48,Electronics,1,50,50
251,2024-07-31,CUST251,Female,57,Beauty,4,50,200
252,2024-08-01,CUST252,Male,54,Electronics,1,300,300
253,2024-08-02,CUST253,Female,53,Clothing,4,500,2000
254,2024-08-03,CUST254,Male,41,Electronics,1,500,500
255,2024-08-04,CUST255,Male,48,Clothing,1,30,30
256,2024-08-05,CUST256,Male,23,Clothing,2,500,1000
257,2024-08-06,CUST257,Male,19,Beauty,4,500,2000
258,2024-08-07,CUST258,Female,37,Clothing,1,50,50
259,2024-08-08,CUST259,Female,45,Clothing,4,50,200
260,2024-08-09,CUST260,Male,28,Beauty,2,30,60
261,2024-08-10,CUST261,Male,21,Clothing,2,25,50
262,2024-08-11,CUST262,Female,32,Beauty,4,30,120
263,2024-08-12,CUST263,Male,23,Beauty,2,30,60
264,2024-08-13,CUST264,Male,47,Clothing,3,300,900
265,2024-08-14,CUST265,Male,55,Clothing,3,300,900
266,2024-08-15,CUST266,Female,19,Electronics,2,30,60
267,2024-08-16,CUST267,Female,32,Beauty,3,30,90
268,2024-08-17,CUST268,Female,28,Electronics,1,30,30
269,2024-08-18,CUST269,Male,25,Clothing,4,500,2000
270,2024-08-19,CUST270,Male,43,Electronics,1,300,300
271,2024-08-20,CUST271,Female,62,Beauty,4,30,120
272,2024-08-21,CUST272,Female,61,Electronics,2,50,100
273,2024-08-22,CUST273,Female,22,Beauty,1,50,50
274,2024-08-23,CUST274,Female,23,Clothing,2,500,1000
275,2024-08-24,CUST275,Male,43,Clothing,2,500,1000
276,2024-08-25,CUST276,Female,21,Beauty,4,25,100
277,2024-08-26,CUST277,Male,36,Clothing,4,25,100
278,2024-08-27,CUST278,Female,37,Clothing,4,25,100
279,2024-08-28,CUST279,Male,50,Clothing,1,500,500
280,2024-08-29,CUST280,Female,37,Clothing,3,500,1500
281,2024-08-30,CUST281,Female,29,Beauty,4,500,2000
282,2024-08-31,CUST282,Female,64,Electronics,4,50,200
283,2024-09-01,CUST283,Female,18,Electronics,1,500,500
284,2024-09-02,CUST284,Male,43,Clothing,4,50,200
285,2024-09-03,CUST285,Female,31,Electronics,1,25,25
286,2024-09-04,CUST286,Male,55,Electronics,2,25,50
287,2024-09-05,CUST287,Male,54,Clothing,4,25,100
288,2024-09-06,CUST288,Male,28,Clothing,4,30,120
289,2024-09-07,CUST289,Male,53,Electronics,2,30,60
290,2024-09-08,CUST290,Female,30,Beauty,2,300,600
291,2024-09-09,CUST291,Male,60,Clothing,2,300,600
292,2024-09-10,CUST292,Male,20,Beauty,4,300,1200
293,2024-09-11,CUST293,Male,50,Electronics,3,30,90
294,2024-09-12,CUST294,Female,23,Clothing,3,30,90
295,2024-09-13,CUST295,Female,27,Beauty,3,300,900
296,2024-09-14,CUST296,Female,22,Clothing,4,300,1200
297,2024-09-15,CUST297,Female,40,Electronics,2,500,1000
298,2024-09-16,CUST298,Male,27,Beauty,4,300,1200
299,2024-09-17,CUST299,Male,61,Electronics,2,500,1000
300,2024-09-18,CUST300,Female,19,Electronics,4,50,200
301,2024-09-19,CUST301,Male,30,Clothing,4,30,120
302,2024-09-20,CUST302,Male,57,Beauty,2,300,600
303,2024-09-21,CUST303,Male,19,Electronics,3,30,90
304,2024-09-22,CUST304,Female,37,Electronics,2,30,60
305,2024-09-23,CUST305,Female,18,Beauty,1,30,30
306,2024-09-24,CUST306,Male,54,Electronics,1,50,50
307,2024-09-25,CUST307,Female,26,Electronics,2,25,50
308,2024-09-26,CUST308,Female,34,Beauty,4,300,1200
309,2024-09-27,CUST309,Female,26,Beauty,1,25,25
310,2024-09-28,CUST310,Female,28,Beauty,1,25,25
311,2024-09-29,CUST311,Female,32,Beauty,4,25,100
312,2024-09-30,CUST312,Male,41,Clothing,4,30,120
313,2024-10-01,CUST313,Female,55,Beauty,3,500,1500
314,2024-10-02,CUST314,Male,52,Clothing,4,30,120
315,2024-10-03,CUST315,Male,47,Clothing,2,30,60
316,2024-10-04,CUST316,Female,48,Clothing,2,25,50
317,2024-10-05,CUST317,Male,22,Electronics,3,30,90
318,2024-10-06,CUST318,Male,61,Clothing,1,25,25
319,2024-10-07,CUST319,Male,31,Clothing,1,500,500
320,2024-10-08,CUST320,Female,28,Electronics,4,300,1200
321,2024-10-09,CUST321,Female,26,Electronics,2,25,50
322,2024-10-10,CUST322,Male,51,Electronics,1,500,500
323,2024-10-11,CUST323,Female,29,Beauty,3,300,900
324,2024-10-12,CUST324,Female,52,Electronics,3,50,150
325,2024-10-13,CUST325,Female,52,Electronics,2,25,50
326,2024-10-14,CUST326,Female,18,Clothing,3,25,75
327,2024-10-15,CUST327,Male,57,Electronics,3,50,150
328,2024-10-16,CUST328,Male,39,Beauty,2,50,100
329,2024-10-17,CUST329,Female,46,Electronics,4,25,100
330,2024-10-18,CUST330,Female,25,Beauty,4,50,200
331,2024-10-19,CUST331,Male,28,Electronics,3,30,90
332,2024-10-20,CUST332,Male,58,Electronics,4,300,1200
333,2024-10-21,CUST333,Female,54,Electronics,4,300,1200
334,2024-10-22,CUST334,Male,31,Electronics,3,300,900
335,2024-10-23,CUST335,Female,47,Beauty,4,30,120
336,2024-10-24,CUST336,Female,52,Beauty,3,50,150
337,2024-10-25,CUST337,Male,38,Clothing,1,500,500
338,2024-10-26,CUST338,Male,54,Beauty,2,50,100
339,2024-10-27,CUST339,Female,22,Electronics,2,25,50
340,2024-10-28,CUST340,Female,36,Clothing,4,300,1200
341,2024-10-29,CUST341,Male,31,Clothing,4,50,200
342,2024-10-30,CUST342,Female,43,Clothing,4,500,2000
343,2024-10-31,CUST343,Male,21,Electronics,2,25,50
344,2024-11-01,CUST344,Female,42,Beauty,1,30,30
345,2024-11-02,CUST345,Male,62,Electronics,1,30,30
346,2024-11-03,CUST346,Male,59,Clothing,2,500,1000
347,2024-11-04,CUST347,Male,42,Electronics,1,25,25
348,2024-11-05,CUST348,Female,35,Electronics,2,300,600
349,2024-11-06,CUST349,Female,57,Beauty,1,50,50
350,2024-11-07,CUST350,Male,25,Beauty,3,25,75
351,2024-11-08,CUST351,Female,56,Clothing,3,30,90
352,2024-11-09,CUST352,Male,57,Electronics,2,500,1000
353,2024-11-10,CUST353,Male,31,Electronics,1,500,500
354,2024-11-11,CUST354,Female,49,Beauty,4,50,200
355,2024-11-12,CUST355,Female,55,Electronics,1,500,500
356,2024-11-13,CUST356,Male,50,Electronics,3,500,1500
357,2024-11-14,CUST357,Female,40,Electronics,3,25,75
358,2024-11-15,CUST358,Female,32,Beauty,1,300,300
359,2024-11-16,CUST359,Male,50,Clothing,1,50,50
360,2024-11-17,CUST360,Male,42,Clothing,4,25,100
361,2024-11-18,CUST361,Female,34,Electronics,4,300,1200
362,2024-11-19,CUST362,Male,50,Clothing,1,25,25
363,2024-11-20,CUST363,Male,64,Beauty,1,25,25
364,2024-11-21,CUST364,Female,19,Beauty,1,500,500
365,2024-11-22,CUST365,Male,31,Clothing,1,300,300
366,2024-11-23,CUST366,Male,57,Clothing,2,50,100
367,2024-11-24,CUST367,Female,57,Electronics,1,50,50
368,2024-11-25,CUST368,Female,56,Clothing,4,300,1200
369,2024-11-26,CUST369,Male,23,Electronics,3,500,1500
370,2024-11-27,CUST370,Male,23,Electronics,2,30,60
371,2024-11-28,CUST371,Female,20,Beauty,1,25,25
372,2024-11-29,CUST372,Female,24,Beauty,3,500,1500
373,2024-11-30,CUST373,Female,25,Beauty,2,300,600
374,2024-12-01,CUST374,Female,59,Beauty,3,25,75
375,2024-12-02,CUST375,Male,32,Clothing,1,50,50
376,2024-12-03,CUST376,Female,64,Beauty,1,30,30
377,2024-12-04,CUST377,Female,46,Clothing,4,50,200
378,2024-12-05,CUST378,Male,50,Beauty,1,300,300
379,2024-12-06,CUST379,Female,47,Clothing,1,25,25
380,2024-12-07,CUST380,Male,56,Electronics,2,300,600
381,2024-12-08,CUST381,Female,44,Clothing,4,25,100
382,2024-12-09,CUST382,Female,53,Clothing,2,500,1000
383,2024-12-10,CUST383,Female,46,Beauty,3,30,90
384,2024-12-11,CUST384,Male,55,Clothing,1,500,500
385,2024-12-12,CUST385,Male,50,Electronics,3,500,1500
386,2024-12-13,CUST386,Female,54,Electronics,2,300,600
387,2024-12-14,CUST387,Male,44,Beauty,1,30,30
388,2024-12-15,CUST388,Male,50,Electronics,1,25,25
389,2024-12-16,CUST389,Male,21,Clothing,2,25,50
390,2024-12-17,CUST390,Male,39,Electronics,2,50,100
391,2024-12-18,CUST391,Male,19,Beauty,2,25,50
392,2024-12-19,CUST392,Male,27,Clothing,2,300,600
393,2024-12-20,CUST393,Female,22,Beauty,2,500,1000
394,2024-12-21,CUST394,Female,27,Clothing,1,500,500
395,2024-12-22,CUST395,Male,50,Electronics,2,500,1000
396,2024-12-23,CUST396,Female,55,Beauty,1,30,30
397,2024-12-24,CUST397,Female,30,Beauty,1,25,25
398,2024-12-25,CUST398,Female,48,Clothing,2,300,600
399,2024-12-26,CUST399,Female,64,Beauty,2,30,60
400,2024-12-27,CUST400,Male,53,Clothing,4,50,200
401,2024-12-28,CUST401,Female,62,Clothing,1,300,300
402,2024-12-29,CUST402,Female,41,Clothing,2,300,600
403,2024-12-30,CUST403,Male,32,Clothing,2,300,600
404,2024-12-31,CUST404,Male,46,Electronics,2,500,1000
405,2025-01-01,CUST405,Female,25,Clothing,4,300,1200
406,2025-01-02,CUST406,Female,22,Beauty,4,25,100
407,2025-01-03,CUST407,Female,46,Electronics,3,300,900
408,2025-01-04,CUST408,Female,64,Beauty,1,500,500
409,2025-01-05,CUST409,Female,21,Electronics,3,300,900
410,2025-01-06,CUST410,Female,29,Clothing,2,50,100
411,2025-01-07,CUST411,Male,62,Electronics,4,50,200
412,2025-01-08,CUST412,Female,19,Electronics,4,500,2000
413,2025-01-09,CUST413,Female,44,Beauty,3,25,75
414,2025-01-10,CUST414,Male,48,Beauty,4,25,100
415,2025-01-11,CUST415,Male,53,Clothing,2,30,60
416,2025-01-12,CUST416,Male,53,Electronics,4,500,2000
417,2025-01-13,CUST417,Male,43,Electronics,3,300,900
418,2025-01-14,CUST418,Female,60,Electronics,2,500,1000
419,2025-01-15,CUST419,Female,44,Clothing,3,30,90
420,2025-01-16,CUST420,Female,22,Clothing,4,500,2000
421,2025-01-17,CUST421,Female,37,Clothing,3,500,1500
422,2025-01-18,CUST422,Female,28,Clothing,3,30,90
423,2025-01-19,CUST423,Female,27,Clothing,1,25,25
424,2025-01-20,CUST424,Male,57,Beauty,4,300,1200
425,2025-01-21,CUST425,Female,55,Electronics,4,30,120
426,2025-01-22,CUST426,Male,23,Electronics,3,50,150
427,2025-01-23,CUST427,Male,25,Electronics,1,25,25
428,2025-01-24,CUST428,Female,40,Electronics,4,50,200
429,2025-01-25,CUST429,Male,64,Electronics,2,25,50
430,2025-01-26,CUST430,Female,43,Electronics,3,300,900
431,2025-01-27,CUST431,Male,63,Electronics,4,300,1200
432,2025-01-28,CUST432,Female,60,Electronics,2,500,1000
433,2025-01-29,CUST433,Male,29,Beauty,4,50,200
434,2025-01-30,CUST434,Female,43,Electronics,2,25,50
435,2025-01-31,CUST435,Female,30,Beauty,3,300,900
436,2025-02-01,CUST436,Female,57,Clothing,4,30,120
437,2025-02-02,CUST437,Female,35,Electronics,4,300,1200
438,2025-02-03,CUST438,Female,42,Clothing,1,30,30
439,2025-02-04,CUST439,Male,50,Clothing,3,25,75
440,2025-02-05,CUST440,Male,64,Clothing,2,300,600
441,2025-02-06,CUST441,Male,57,Beauty,4,300,1200
442,2025-02-07,CUST442,Female,60,Clothing,4,25,100
443,2025-02-08,CUST443,Male,29,Clothing,2,300,600
444,2025-02-09,CUST444,Female,61,Clothing,3,30,90
445,2025-02-10,CUST445,Female,53,Electronics,1,300,300
446,2025-02-11,CUST446,Male,21,Electronics,1,50,50
447,2025-02-12,CUST447,Male,22,Beauty,4,500,2000
448,2025-02-13,CUST448,Female,54,Beauty,2,30,60
449,2025-02-14,CUST449,Male,25,Electronics,4,50,200
450,2025-02-15,CUST450,Female,59,Beauty,2,25,50
451,2025-02-16,CUST451,Female,45,Electronics,1,30,30
452,2025-02-17,CUST452,Female,48,Clothing,3,500,1500
453,2025-02-18,CUST453,Female,26,Clothing,2,500,1000
454,2025-02-19,CUST454,Female,46,Beauty,1,25,25
455,2025-02-20,CUST455,Male,31,Electronics,4,25,100
456,2025-02-21,CUST456,Male,57,Electronics,2,30,60
457,2025-02-22,CUST457,Female,58,Beauty,3,300,900
458,2025-02-23,CUST458,Female,39,Electronics,4,25,100
459,2025-02-24,CUST459,Male,28,Clothing,4,300,1200
460,2025-02-25,CUST460,Male,40,Beauty,1,50,50
461,2025-02-26,CUST461,Female,18,Beauty,2,500,1000
462,2025-02-27,CUST462,Male,63,Electronics,4,300,1200
463,2025-02-28,CUST463,Female,54,Beauty,3,500,1500
464,2025-03-01,CUST464,Male,38,Electronics,2,300,600
465,2025-03-02,CUST465,Female,43,Electronics,3,50,150
466,2025-03-03,CUST466,Male,63,Electronics,4,25,100
467,2025-03-04,CUST467,Female,53,Electronics,3,50,150
468,2025-03-05,CUST468,Male,40,Electronics,1,25,25
469,2025-03-06,CUST469,Male,18,Beauty,3,25,75
470,2025-03-07,CUST470,Female,57,Clothing,2,500,1000
471,2025-03-08,CUST471,Male,32,Clothing,3,50,150
472,2025-03-09,CUST472,Female,38,Beauty,3,300,900
473,2025-03-10,CUST473,Male,64,Beauty,1,50,50
474,2025-03-11,CUST474,Female,26,Clothing,3,500,1500
475,2025-03-12,CUST475,Male,26,Clothing,3,25,75
476,2025-03-13,CUST476,Female,27,Clothing,4,500,2000
477,2025-03-14,CUST477,Male,43,Clothing,4,30,120
478,2025-03-15,CUST478,Female,58,Clothing,2,30,60
479,2025-03-16,CUST479,Male,52,Electronics,4,300,1200
480,2025-03-17,CUST480,Female,42,Beauty,4,500,2000
481,2025-03-18,CUST481,Female,43,Electronics,4,300,1200
482,2025-03-19,CUST482,Female,28,Clothing,4,300,1200
483,2025-03-20,CUST483,Male,55,Clothing,1,30,30
484,2025-03-21,CUST484,Female,19,Clothing,4,300,1200
485,2025-03-22,CUST485,Male,24,Electronics,1,30,30
486,2025-03-23,CUST486,Female,35,Electronics,1,25,25
487,2025-03-24,CUST487,Male,44,Clothing,4,500,2000
488,2025-03-25,CUST488,Female,51,Electronics,3,300,900
489,2025-03-26,CUST489,Male,44,Electronics,1,30,30
490,2025-03-27,CUST490,Male,34,Clothing,3,50,150
491,2025-03-28,CUST491,Female,60,Electronics,3,300,900
492,2025-03-29,CUST492,Male,61,Beauty,4,25,100
493,2025-03-30,CUST493,Male,41,Beauty,2,25,50
494,2025-03-31,CUST494,Female,42,Beauty,4,50,200
495,2025-04-01,CUST495,Male,24,Beauty,2,30,60
496,2025-04-02,CUST496,Male,23,Clothing,2,300,600
497,2025-04-03,CUST497,Male,41,Clothing,4,30,120
498,2025-04-04,CUST498,Female,50,Clothing,4,25,100
499,2025-04-05,CUST499,Male,46,Beauty,2,30,60
500,2025-04-06,CUST500,Female,60,Beauty,4,25,100
501,2025-04-07,CUST501,Male,39,Electronics,2,30,60
502,2025-04-08,CUST502,Male,43,Electronics,3,50,150
503,2025-04-09,CUST503,Male,45,Beauty,4,500,2000
504,2025-04-10,CUST504,Female,38,Beauty,3,50,150
505,2025-04-11,CUST505,Male,24,Beauty,1,50,50
506,2025-04-12,CUST506,Male,34,Beauty,3,500,1500
507,2025-04-13,CUST507,Female,37,Electronics,3,500,1500
508,2025-04-14,CUST508,Male,58,Beauty,2,300,600
509,2025-04-15,CUST509,Female,37,Electronics,3,300,900
510,2025-04-16,CUST510,Female,39,Beauty,4,50,200
511,2025-04-17,CUST511,Male,45,Beauty,2,50,100
512,2025-04-18,CUST512,Female,57,Beauty,1,25,25
513,2025-04-19,CUST513,Male,24,Electronics,4,25,100
514,2025-04-20,CUST514,Female,18,Electronics,1,300,300
515,2025-04-21,CUST515,Female,49,Clothing,3,300,900
516,2025-04-22,CUST516,Male,30,Beauty,4,25,100
517,2025-04-23,CUST517,Female,47,Clothing,4,25,100
518,2025-04-24,CUST518,Female,40,Clothing,1,30,30
519,2025-04-25,CUST519,Female,36,Electronics,4,30,120
520,2025-04-26,CUST520,Female,49,Electronics,4,25,100
521,2025-04-27,CUST521,Female,47,Clothing,4,30,120
522,2025-04-28,CUST522,Male,46,Beauty,3,500,1500
523,2025-04-29,CUST523,Female,62,Electronics,1,300,300
524,2025-04-30,CUST524,Male,46,Beauty,4,300,1200
525,2025-05-01,CUST525,Female,47,Beauty,2,25,50
526,2025-05-02,CUST526,Male,33,Clothing,2,50,100
527,2025-05-03,CUST527,Male,57,Clothing,2,25,50
528,2025-05-04,CUST528,Female,36,Clothing,2,30,60
529,2025-05-05,CUST529,Female,35,Clothing,3,50,150
530,2025-05-06,CUST530,Female,18,Electronics,4,30,120
531,2025-05-07,CUST531,Male,31,Electronics,1,500,500
532,2025-05-08,CUST532,Female,64,Clothing,4,30,120
533,2025-05-09,CUST533,Male,19,Electronics,3,500,1500
534,2025-05-10,CUST534,Male,45,Clothing,2,500,1000
535,2025-05-11,CUST535,Male,47,Beauty,3,30,90
536,2025-05-12,CUST536,Female,55,Beauty,4,30,120
537,2025-05-13,CUST537,Female,21,Beauty,1,500,500
538,2025-05-14,CUST538,Male,18,Clothing,3,50,150
539,2025-05-15,CUST539,Male,25,Beauty,1,500,500
540,2025-05-16,CUST540,Female,46,Electronics,3,300,900
541,2025-05-17,CUST541,Male,56,Beauty,1,500,500
542,2025-05-18,CUST542,Female,20,Beauty,1,50,50
543,2025-05-19,CUST543,Male,49,Beauty,2,300,600
544,2025-05-20,CUST544,Female,27,Electronics,1,25,25
545,2025-05-21,CUST545,Male,27,Clothing,2,25,50
546,2025-05-22,CUST546,Female,36,Electronics,4,50,200
547,2025-05-23,CUST547,Male,63,Clothing,4,500,2000
548,2025-05-24,CUST548,Female,51,Clothing,2,30,60
549,2025-05-25,CUST549,Female,50,Beauty,2,50,100
550,2025-05-26,CUST550,Male,40,Clothing,3,300,900
551,2025-05-27,CUST551,Male,45,Electronics,3,300,900
552,2025-05-28,CUST552,Female,49,Electronics,3,25,75
553,2025-05-29,CUST553,Male,24,Clothing,4,300,1200
554,2025-05-30,CUST554,Female,46,Beauty,3,50,150
555,2025-05-31,CUST555,Male,25,Beauty,1,300,300
556,2025-06-01,CUST556,Female,18,Electronics,1,50,50
557,2025-06-02,CUST557,Female,20,Beauty,3,30,90
558,2025-06-03,CUST558,Female,41,Clothing,1,25,25
559,2025-06-04,CUST559,Female,40,Clothing,4,300,1200
560,2025-06-05,CUST560,Female,25,Electronics,1,50,50
561,2025-06-06,CUST561,Female,64,Clothing,4,500,2000
562,2025-06-07,CUST562,Male,54,Electronics,2,25,50
563,2025-06-08,CUST563,Male,20,Clothing,2,30,60
564,2025-06-09,CUST564,Male,50,Electronics,2,50,100
565,2025-06-10,CUST565,Female,45,Beauty,2,30,60
566,2025-06-11,CUST566,Female,64,Clothing,1,30,30
567,2025-06-12,CUST567,Female,25,Clothing,3,300,900
568,2025-06-13,CUST568,Female,51,Electronics,1,300,300
569,2025-06-14,CUST569,Male,52,Electronics,4,50,200
570,2025-06-15,CUST570,Male,49,Clothing,1,500,500
571,2025-06-16,CUST571,Female,41,Electronics,1,50,50
572,2025-06-17,CUST572,Male,31,Clothing,4,500,2000
573,2025-06-18,CUST573,Male,49,Beauty,2,30,60
574,2025-06-19,CUST574,Female,63,Electronics,2,25,50
575,2025-06-20,CUST575,Male,60,Clothing,2,50,100
576,2025-06-21,CUST576,Female,33,Beauty,3,50,150
577,2025-06-22,CUST577,Male,21,Beauty,4,500,2000
578,2025-06-23,CUST578,Female,54,Clothing,4,30,120
579,2025-06-24,CUST579,Female,38,Electronics,1,30,30
580,2025-06-25,CUST580,Female,31,Clothing,3,500,1500
581,2025-06-26,CUST581,Female,48,Beauty,2,30,60
582,2025-06-27,CUST582,Male,35,Clothing,3,300,900
583,2025-06-28,CUST583,Female,24,Electronics,4,25,100
584,2025-06-29,CUST584,Female,27,Beauty,4,50,200
585,2025-06-30,CUST585,Female,24,Clothing,1,25,25
586,2025-07-01,CUST586,Male,50,Electronics,1,50,50
587,2025-07-02,CUST587,Female,40,Beauty,4,300,1200
588,2025-07-03,CUST588,Male,38,Electronics,2,30,60
589,2025-07-04,CUST589,Female,36,Beauty,2,500,1000
590,2025-07-05,CUST590,Male,36,Clothing,3,300,900
591,2025-07-06,CUST591,Male,53,Electronics,4,25,100
592,2025-07-07,CUST592,Female,46,Beauty,4,500,2000
593,2025-07-08,CUST593,Male,35,Electronics,2,30,60
594,2025-07-09,CUST594,Female,19,Electronics,2,300,600
595,2025-07-10,CUST595,Female,18,Clothing,4,500,2000
596,2025-07-11,CUST596,Female,64,Electronics,1,300,300
597,2025-07-12,CUST597,Male,22,Beauty,4,300,1200
598,2025-07-13,CUST598,Male,37,Beauty,4,30,120
599,2025-07-14,CUST599,Female,28,Beauty,2,50,100
600,2025-07-15,CUST600,Female,59,Beauty,2,500,1000
601,2025-07-16,CUST601,Male,19,Clothing,1,30,30
602,2025-07-17,CUST602,Female,20,Electronics,1,300,300
603,2025-07-18,CUST603,Female,40,Clothing,3,30,90
604,2025-07-19,CUST604,Female,29,Electronics,4,50,200
605,2025-07-20,CUST605,Male,37,Electronics,2,500,1000
606,2025-07-21,CUST606,Male,22,Electronics,1,50,50
607,2025-07-22,CUST607,Male,54,Clothing,3,25,75
608,2025-07-23,CUST608,Female,55,Electronics,3,500,1500
609,2025-07-24,CUST609,Female,47,Clothing,2,50,100
610,2025-07-25,CUST610,Female,26,Beauty,2,300,600
611,2025-07-26,CUST611,Male,51,Beauty,3,500,1500
612,2025-07-27,CUST612,Female,61,Electronics,1,500,500
613,2025-07-28,CUST613,Female,52,Clothing,3,30,90
614,2025-07-29,CUST614,Female,39,Beauty,4,300,1200
615,2025-07-30,CUST615,Female,61,Clothing,4,25,100
616,2025-07-31,CUST616,Male,41,Clothing,2,50,100
617,2025-08-01,CUST617,Male,34,Electronics,1,30,30
618,2025-08-02,CUST618,Female,27,Beauty,1,50,50
619,2025-08-03,CUST619,Male,47,Electronics,4,25,100
620,2025-08-04,CUST620,Male,63,Electronics,3,25,75
621,2025-08-05,CUST621,Female,40,Beauty,2,500,1000
622,2025-08-06,CUST622,Female,49,Beauty,3,25,75
623,2025-08-07,CUST623,Male,34,Clothing,3,50,150
624,2025-08-08,CUST624,Female,34,Beauty,3,300,900
625,2025-08-09,CUST625,Male,31,Clothing,1,300,300
626,2025-08-10,CUST626,Female,26,Clothing,4,500,2000
627,2025-08-11,CUST627,Male,57,Clothing,1,50,50
628,2025-08-12,CUST628,Female,19,Beauty,4,50,200
629,2025-08-13,CUST629,Male,62,Electronics,2,25,50
630,2025-08-14,CUST630,Male,42,Clothing,2,50,100
631,2025-08-15,CUST631,Male,56,Electronics,3,30,90
632,2025-08-16,CUST632,Female,26,Electronics,4,25,100
633,2025-08-17,CUST633,Male,39,Beauty,4,30,120
634,2025-08-18,CUST634,Male,60,Electronics,4,500,2000
635,2025-08-19,CUST635,Female,63,Electronics,3,300,900
636,2025-08-20,CUST636,Female,21,Beauty,3,500,1500
637,2025-08-21,CUST637,Male,43,Clothing,2,300,600
638,2025-08-22,CUST638,Male,46,Electronics,1,500,500
639,2025-08-23,CUST639,Female,62,Beauty,4,50,200
640,2025-08-24,CUST640,Female,51,Electronics,4,30,120
641,2025-08-25,CUST641,Female,40,Electronics,1,300,300
642,2025-08-26,CUST642,Female,54,Clothing,4,25,100
643,2025-08-27,CUST643,Female,28,Electronics,3,30,90
644,2025-08-28,CUST644,Male,23,Beauty,3,25,75
645,2025-08-29,CUST645,Female,35,Electronics,4,30,120
646,2025-08-30,CUST646,Male,38,Clothing,3,30,90
647,2025-08-31,CUST647,Male,59,Clothing,3,500,1500
648,2025-09-01,CUST648,Male,53,Beauty,4,300,1200
649,2025-09-02,CUST649,Female,58,Clothing,2,300,600
650,2025-09-03,CUST650,Male,55,Electronics,1,30,30
651,2025-09-04,CUST651,Male,51,Clothing,3,50,150
652,2025-09-05,CUST652,Female,34,Beauty,2,50,100
653,2025-09-06,CUST653,Male,54,Clothing,3,25,75
654,2025-09-07,CUST654,Male,42,Clothing,3,25,75
655,2025-09-08,CUST655,Female,55,Clothing,1,500,500
656,2025-09-09,CUST656,Male,29,Beauty,3,30,90
657,2025-09-10,CUST657,Male,40,Clothing,1,25,25
658,2025-09-11,CUST658,Male,59,Clothing,1,25,25
659,2025-09-12,CUST659,Female,39,Electronics,1,30,30
660,2025-09-13,CUST660,Female,38,Beauty,2,500,1000
661,2025-09-14,CUST661,Female,44,Clothing,4,25,100
662,2025-09-15,CUST662,Male,48,Beauty,2,500,1000
663,2025-09-16,CUST663,Male,23,Clothing,4,300,1200
664,2025-09-17,CUST664,Female,44,Clothing,4,500,2000
665,2025-09-18,CUST665,Male,57,Clothing,1,50,50
666,2025-09-19,CUST666,Male,51,Electronics,3,50,150
667,2025-09-20,CUST667,Female,29,Electronics,1,500,500
668,2025-09-21,CUST668,Female,62,Electronics,3,50,150
669,2025-09-22,CUST669,Male,24,Beauty,4,300,1200
670,2025-09-23,CUST670,Male,27,Beauty,1,30,30
671,2025-09-24,CUST671,Male,62,Electronics,3,50,150
672,2025-09-25,CUST672,Female,34,Beauty,2,50,100
673,2025-09-26,CUST673,Female,43,Clothing,3,500,1500
674,2025-09-27,CUST674,Female,38,Clothing,1,300,300
675,2025-09-28,CUST675,Female,45,Clothing,2,30,60
676,2025-09-29,CUST676,Male,63,Electronics,3,500,1500
677,2025-09-30,CUST677,Female,19,Beauty,3,500,1500
678,2025-10-01,CUST678,Female,60,Electronics,3,300,900
679,2025-10-02,CUST679,Female,18,Beauty,3,30,90
680,2025-10-03,CUST680,Female,53,Clothing,3,300,900
681,2025-10-04,CUST681,Female,43,Electronics,2,30,60
682,2025-10-05,CUST682,Male,46,Beauty,4,300,1200
683,2025-10-06,CUST683,Male,38,Beauty,2,500,1000
684,2025-10-07,CUST684,Female,28,Clothing,2,500,1000
685,2025-10-08,CUST685,Male,57,Electronics,2,25,50
686,2025-10-09,CUST686,Female,28,Electronics,4,50,200
687,2025-10-10,CUST687,Female,53,Electronics,1,300,300
688,2025-10-11,CUST688,Male,56,Clothing,4,25,100
689,2025-10-12,CUST689,Male,57,Electronics,2,50,100
690,2025-10-13,CUST690,Female,52,Clothing,3,300,900
691,2025-10-14,CUST691,Female,51,Clothing,3,30,90
692,2025-10-15,CUST692,Female,64,Clothing,2,50,100
693,2025-10-16,CUST693,Male,41,Beauty,3,500,1500
694,2025-10-17,CUST694,Female,39,Electronics,2,25,50
695,2025-10-18,CUST695,Female,22,Electronics,3,50,150
696,2025-10-19,CUST696,Female,50,Clothing,4,50,200
697,2025-10-20,CUST697,Male,53,Clothing,1,500,500
698,2025-10-21,CUST698,Female,64,Electronics,1,300,300
699,2025-10-22,CUST699,Female,37,Clothing,4,30,120
700,2025-10-23,CUST700,Male,36,Electronics,4,500,2000
701,2025-10-24,CUST701,Female,52,Beauty,2,30,60
702,2025-10-25,CUST702,Female,60,Clothing,2,300,600
703,2025-10-26,CUST703,Male,34,Electronics,2,50,100
704,2025-10-27,CUST704,Female,62,Clothing,3,30,90
705,2025-10-28,CUST705,Male,60,Electronics,2,25,50
706,2025-10-29,CUST706,Male,51,Electronics,4,25,100
707,2025-10-30,CUST707,Female,26,Clothing,1,500,500
708,2025-10-31,CUST708,Female,43,Beauty,3,300,900
709,2025-11-01,CUST709,Female,19,Electronics,2,500,1000
710,2025-11-02,CUST710,Female,26,Electronics,3,500,1500
711,2025-11-03,CUST711,Male,26,Electronics,3,500,1500
712,2025-11-04,CUST712,Female,57,Beauty,2,25,50
713,2025-11-05,CUST713,Male,34,Beauty,3,25,75
714,2025-11-06,CUST714,Female,18,Clothing,1,500,500
715,2025-11-07,CUST715,Female,42,Beauty,4,25,100
716,2025-11-08,CUST716,Female,60,Clothing,4,300,1200
717,2025-11-09,CUST717,Male,57,Clothing,1,500,500
718,2025-11-10,CUST718,Female,59,Beauty,3,25,75
719,2025-11-11,CUST719,Female,42,Clothing,2,30,60
720,2025-11-12,CUST720,Female,56,Beauty,3,500,1500
721,2025-11-13,CUST721,Female,52,Clothing,1,500,500
722,2025-11-14,CUST722,Male,20,Beauty,3,300,900
723,2025-11-15,CUST723,Female,54,Beauty,4,50,200
724,2025-11-16,CUST724,Male,61,Clothing,3,50,150
725,2025-11-17,CUST725,Male,61,Electronics,1,300,300
726,2025-11-18,CUST726,Male,47,Clothing,4,300,1200
727,2025-11-19,CUST727,Male,55,Beauty,3,300,900
728,2025-11-20,CUST728,Male,51,Electronics,3,50,150
729,2025-11-21,CUST729,Male,29,Clothing,4,300,1200
730,2025-11-22,CUST730,Female,36,Clothing,2,25,50
731,2025-11-23,CUST731,Male,54,Clothing,4,500,2000
732,2025-11-24,CUST732,Male,61,Electronics,2,500,1000
733,2025-11-25,CUST733,Male,34,Beauty,1,30,30
734,2025-11-26,CUST734,Female,27,Clothing,1,30,30
735,2025-11-27,CUST735,Female,64,Clothing,4,500,2000
736,2025-11-28,CUST736,Male,29,Clothing,4,25,100
737,2025-11-29,CUST737,Female,33,Clothing,1,50,50
738,2025-11-30,CUST738,Male,41,Clothing,2,50,100
739,2025-12-01,CUST739,Male,36,Beauty,1,25,25
740,2025-12-02,CUST740,Female,25,Beauty,4,50,200
741,2025-12-03,CUST741,Male,48,Clothing,1,300,300
742,2025-12-04,CUST742,Female,38,Electronics,4,500,2000
743,2025-12-05,CUST743,Female,34,Beauty,4,500,2000
744,2025-12-06,CUST744,Male,40,Electronics,1,25,25
745,2025-12-07,CUST745,Male,54,Beauty,2,50,100
746,2025-12-08,CUST746,Female,33,Clothing,3,30,90
747,2025-12-09,CUST747,Male,23,Beauty,1,30,30
748,2025-12-10,CUST748,Male,25,Clothing,3,50,150
749,2025-12-11,CUST749,Male,42,Beauty,1,30,30
750,2025-12-12,CUST750,Female,35,Clothing,3,25,75
751,2025-12-13,CUST751,Female,42,Clothing,2,25,50
752,2025-12-14,CUST752,Male,29,Clothing,2,50,100
753,2025-12-15,CUST753,Female,32,Clothing,1,30,30
754,2025-12-16,CUST754,Female,43,Electronics,4,25,100
755,2025-12-17,CUST755,Female,58,Clothing,3,25,75
756,2025-12-18,CUST756,Female,62,Electronics,4,300,1200
757,2025-12-19,CUST757,Female,43,Electronics,4,300,1200
758,2025-12-20,CUST758,Male,64,Clothing,4,25,100
759,2025-12-21,CUST759,Male,49,Electronics,2,50,100
760,2025-12-22,CUST760,Male,27,Beauty,1,500,500
761,2025-12-23,CUST761,Female,33,Clothing,1,500,500
762,2025-12-24,CUST762,Female,24,Electronics,2,25,50
763,2025-12-25,CUST763,Male,34,Clothing,2,25,50
764,2025-12-26,CUST764,Female,40,Clothing,1,25,25
765,2025-12-27,CUST765,Male,43,Clothing,4,50,200
766,2025-12-28,CUST766,Male,38,Electronics,3,300,900
767,2025-12-29,CUST767,Male,39,Beauty,3,25,75
768,2025-12-30,CUST768,Female,24,Beauty,3,25,75
769,2025-12-31,CUST769,Female,31,Electronics,4,30,120
770,2026-01-01,CUST770,Male,32,Clothing,1,50,50
771,2026-01-02,CUST771,Male,24,Electronics,2,25,50
772,2026-01-03,CUST772,Male,26,Electronics,1,30,30
773,2026-01-04,CUST773,Male,25,Electronics,4,500,2000
774,2026-01-05,CUST774,Female,40,Clothing,2,25,50
775,2026-01-06,CUST775,Female,46,Electronics,4,25,100
776,2026-01-07,CUST776,Male,35,Clothing,3,30,90
777,2026-01-08,CUST777,Male,48,Electronics,3,50,150
778,2026-01-09,CUST778,Female,47,Beauty,4,25,100
779,2026-01-10,CUST779,Female,56,Electronics,2,500,1000
780,2026-01-11,CUST780,Male,52,Electronics,2,25,50
781,2026-01-12,CUST781,Male,35,Beauty,1,500,500
782,2026-01-13,CUST782,Male,59,Clothing,3,300,900
783,2026-01-14,CUST783,Female,56,Clothing,1,300,300
784,2026-01-15,CUST784,Female,34,Electronics,1,500,500
785,2026-01-16,CUST785,Female,31,Beauty,4,50,200
786,2026-01-17,CUST786,Male,48,Clothing,4,25,100
787,2026-01-18,CUST787,Male,41,Electronics,1,25,25
788,2026-01-19,CUST788,Female,52,Beauty,3,300,900
789,2026-01-20,CUST789,Female,61,Clothing,4,500,2000
790,2026-01-21,CUST790,Male,62,Clothing,1,25,25
791,2026-01-22,CUST791,Female,51,Beauty,1,25,25
792,2026-01-23,CUST792,Female,20,Beauty,1,50,50
793,2026-01-24,CUST793,Male,54,Beauty,1,30,30
794,2026-01-25,CUST794,Female,60,Beauty,1,300,300
795,2026-01-26,CUST795,Male,57,Electronics,1,300,300
796,2026-01-27,CUST796,Male,43,Beauty,4,30,120
797,2026-01-28,CUST797,Male,40,Clothing,3,25,75
798,2026-01-29,CUST798,Male,61,Clothing,1,50,50
799,2026-01-30,CUST799,Male,56,Electronics,2,50,100
800,2026-01-31,CUST800,Male,32,Clothing,4,300,1200
801,2026-02-01,CUST801,Male,21,Clothing,4,50,200
802,2026-02-02,CUST802,Female,46,Beauty,1,30,30
803,2026-02-03,CUST803,Male,39,Clothing,4,25,100
804,2026-02-04,CUST804,Male,42,Electronics,1,30,30
805,2026-02-05,CUST805,Female,30,Beauty,3,500,1500
806,2026-02-06,CUST806,Female,35,Beauty,3,300,900
807,2026-02-07,CUST807,Female,50,Electronics,4,50,200
808,2026-02-08,CUST808,Male,33,Beauty,4,500,2000
809,2026-02-09,CUST809,Female,62,Beauty,2,50,100
810,2026-02-10,CUST810,Male,59,Electronics,4,25,100
811,2026-02-11,CUST811,Male,61,Beauty,2,25,50
812,2026-02-12,CUST812,Male,19,Electronics,3,25,75
813,2026-02-13,CUST813,Male,52,Electronics,3,50,150
814,2026-02-14,CUST814,Female,59,Clothing,1,500,500
815,2026-02-15,CUST815,Female,51,Clothing,3,25,75
816,2026-02-16,CUST816,Male,47,Beauty,2,500,1000
817,2026-02-17,CUST817,Male,30,Beauty,4,50,200
818,2026-02-18,CUST818,Male,30,Electronics,1,500,500
819,2026-02-19,CUST819,Female,35,Beauty,2,50,100
820,2026-02-20,CUST820,Male,49,Electronics,4,50,200
821,2026-02-21,CUST821,Male,49,Electronics,1,300,300
822,2026-02-22,CUST822,Female,52,Beauty,3,50,150
823,2026-02-23,CUST823,Female,56,Electronics,2,50,100
824,2026-02-24,CUST824,Male,63,Clothing,4,30,120
825,2026-02-25,CUST825,Female,46,Beauty,1,25,25
826,2026-02-26,CUST826,Female,46,Clothing,1,300,300
827,2026-02-27,CUST827,Male,61,Beauty,3,300,900
828,2026-02-28,CUST828,Female,33,Electronics,4,300,1200
829,2026-03-01,CUST829,Male,61,Beauty,3,30,90
830,2026-03-02,CUST830,Female,64,Clothing,3,50,150
831,2026-03-03,CUST831,Male,27,Electronics,4,25,100
832,2026-03-04,CUST832,Male,47,Beauty,4,500,2000
833,2026-03-05,CUST833,Male,42,Beauty,4,50,200
834,2026-03-06,CUST834,Female,56,Beauty,2,30,60
835,2026-03-07,CUST835,Male,37,Clothing,4,50,200
836,2026-03-08,CUST836,Female,22,Clothing,1,50,50
837,2026-03-09,CUST837,Male,18,Beauty,3,30,90
838,2026-03-10,CUST838,Male,47,Electronics,2,300,600
839,2026-03-11,CUST839,Female,20,Electronics,4,300,1200
840,2026-03-12,CUST840,Male,62,Clothing,2,25,50
841,2026-03-13,CUST841,Male,31,Electronics,4,25,100
842,2026-03-14,CUST842,Female,47,Clothing,2,300,600
843,2026-03-15,CUST843,Male,21,Beauty,3,500,1500
844,2026-03-16,CUST844,Male,35,Clothing,3,50,150
845,2026-03-17,CUST845,Male,54,Clothing,1,500,500
846,2026-03-18,CUST846,Male,42,Beauty,1,50,50
847,2026-03-19,CUST847,Female,18,Electronics,4,300,1200
848,2026-03-20,CUST848,Female,63,Clothing,3,25,75
849,2026-03-21,CUST849,Male,32,Clothing,2,25,50
850,2026-03-22,CUST850,Female,26,Beauty,2,500,1000
851,2026-03-23,CUST851,Male,32,Electronics,2,25,50
852,2026-03-24,CUST852,Female,41,Clothing,1,300,300
853,2026-03-25,CUST853,Male,21,Beauty,2,500,1000
854,2026-03-26,CUST854,Male,29,Clothing,1,50,50
855,2026-03-27,CUST855,Male,54,Beauty,1,25,25
856,2026-03-28,CUST856,Male,54,Electronics,4,30,120
857,2026-03-29,CUST857,Male,60,Electronics,2,25,50
858,2026-03-30,CUST858,Male,23,Electronics,2,50,100
859,2026-03-31,CUST859,Female,56,Electronics,3,500,1500
860,2026-04-01,CUST860,Male,63,Clothing,4,50,200
861,2026-04-02,CUST861,Female,41,Clothing,3,30,90
862,2026-04-03,CUST862,Male,28,Electronics,4,300,1200
863,2026-04-04,CUST863,Female,30,Electronics,2,25,50
864,2026-04-05,CUST864,Female,51,Electronics,1,500,500
865,2026-04-06,CUST865,Female,42,Clothing,1,300,300
866,2026-04-07,CUST866,Male,24,Electronics,1,50,50
867,2026-04-08,CUST867,Male,21,Electronics,1,500,500
868,2026-04-09,CUST868,Female,25,Electronics,1,300,300
869,2026-04-10,CUST869,Male,37,Beauty,3,500,1500
870,2026-04-11,CUST870,Female,46,Electronics,4,30,120
871,2026-04-12,CUST871,Male,62,Beauty,2,30,60
872,2026-04-13,CUST872,Female,63,Beauty,3,25,75
873,2026-04-14,CUST873,Female,27,Electronics,4,25,100
874,2026-04-15,CUST874,Male,60,Beauty,1,30,30
875,2026-04-16,CUST875,Female,51,Electronics,4,500,2000
876,2026-04-17,CUST876,Male,43,Clothing,4,30,120
877,2026-04-18,CUST877,Female,58,Clothing,1,25,25
878,2026-04-19,CUST878,Female,20,Clothing,1,30,30
879,2026-04-20,CUST879,Male,23,Clothing,1,30,30
880,2026-04-21,CUST880,Male,22,Beauty,2,500,1000
881,2026-04-22,CUST881,Male,22,Electronics,1,300,300
882,2026-04-23,CUST882,Female,64,Electronics,2,25,50
883,2026-04-24,CUST883,Male,40,Electronics,1,500,500
884,2026-04-25,CUST884,Female,26,Clothing,2,30,60
885,2026-04-26,CUST885,Female,52,Clothing,4,30,120
886,2026-04-27,CUST886,Male,37,Electronics,3,300,900
887,2026-04-28,CUST887,Male,59,Clothing,4,25,100
888,2026-04-29,CUST888,Female,52,Electronics,4,25,100
889,2026-04-30,CUST889,Female,35,Electronics,1,50,50
890,2026-05-01,CUST890,Male,34,Electronics,2,25,50
891,2026-05-02,CUST891,Male,41,Electronics,3,300,900
892,2026-05-03,CUST892,Male,20,Electronics,1,50,50
893,2026-05-04,CUST893,Male,49,Electronics,1,50,50
894,2026-05-05,CUST894,Male,52,Electronics,1,30,30
895,2026-05-06,CUST895,Female,55,Clothing,4,30,120
896,2026-05-07,CUST896,Female,30,Electronics,2,25,50
897,2026-05-08,CUST897,Female,64,Electronics,2,50,100
898,2026-05-09,CUST898,Female,42,Clothing,3,30,90
899,2026-05-10,CUST899,Male,26,Clothing,2,300,600
900,2026-05-11,CUST900,Male,21,Clothing,2,30,60
901,2026-05-12,CUST901,Male,31,Electronics,1,30,30
902,2026-05-13,CUST902,Female,54,Beauty,1,50,50
903,2026-05-14,CUST903,Female,51,Beauty,4,50,200
904,2026-05-15,CUST904,Male,28,Clothing,1,500,500
905,2026-05-16,CUST905,Male,58,Beauty,1,300,300
906,2026-05-17,CUST906,Female,20,Clothing,1,50,50
907,2026-05-18,CUST907,Female,45,Electronics,1,25,25
908,2026-05-19,CUST908,Male,46,Beauty,4,300,1200
909,2026-05-20,CUST909,Male,26,Electronics,1,300,300
910,2026-05-21,CUST910,Female,20,Beauty,3,50,150
911,2026-05-22,CUST911,Male,42,Electronics,3,300,900
912,2026-05-23,CUST912,Male,51,Beauty,3,50,150
913,2026-05-24,CUST913,Male,29,Electronics,3,30,90
914,2026-05-25,CUST914,Female,59,Electronics,1,500,500
915,2026-05-26,CUST915,Female,26,Beauty,3,30,90
916,2026-05-27,CUST916,Female,32,Electronics,1,50,50
917,2026-05-28,CUST917,Female,57,Electronics,4,50,200
918,2026-05-29,CUST918,Female,42,Electronics,3,30,90
919,2026-05-30,CUST919,Female,22,Beauty,2,25,50
920,2026-05-31,CUST920,Female,28,Beauty,3,25,75
921,2026-06-01,CUST921,Male,51,Electronics,3,25,75
922,2026-06-02,CUST922,Male,41,Electronics,1,50,50
923,2026-06-03,CUST923,Male,32,Beauty,3,300,900
924,2026-06-04,CUST924,Male,55,Beauty,2,50,100
925,2026-06-05,CUST925,Male,25,Electronics,1,300,300
926,2026-06-06,CUST926,Male,22,Electronics,1,30,30
927,2026-06-07,CUST927,Male,43,Electronics,4,500,2000
928,2026-06-08,CUST928,Female,35,Clothing,4,300,1200
929,2026-06-09,CUST929,Female,23,Beauty,3,25,75
930,2026-06-10,CUST930,Male,54,Clothing,4,50,200
931,2026-06-11,CUST931,Male,30,Beauty,4,30,120
932,2026-06-12,CUST932,Female,45,Beauty,4,25,100
933,2026-06-13,CUST933,Male,22,Beauty,1,30,30
934,2026-06-14,CUST934,Male,30,Beauty,1,500,500
935,2026-06-15,CUST935,Female,34,Beauty,1,50,50
936,2026-06-16,CUST936,Male,57,Beauty,4,50,200
937,2026-06-17,CUST937,Female,62,Beauty,1,500,500
938,2026-06-18,CUST938,Male,49,Clothing,4,50,200
939,2026-06-19,CUST939,Female,46,Electronics,1,300,300
940,2026-06-20,CUST940,Female,20,Electronics,1,30,30
941,2026-06-21,CUST941,Female,57,Clothing,2,25,50
942,2026-06-22,CUST942,Male,51,Clothing,3,500,1500
943,2026-06-23,CUST943,Female,57,Clothing,4,300,1200
944,2026-06-24,CUST944,Male,44,Clothing,2,25,50
945,2026-06-25,CUST945,Male,30,Beauty,1,25,25
946,2026-06-26,CUST946,Male,62,Electronics,4,500,2000
947,2026-06-27,CUST947,Male,50,Beauty,1,300,300
948,2026-06-28,CUST948,Female,23,Electronics,3,25,75
949,2026-06-29,CUST949,Female,41,Electronics,2,25,50
950,2026-06-30,CUST950,Male,36,Clothing,3,300,900
951,2026-07-01,CUST951,Male,33,Beauty,2,50,100
952,2026-07-02,CUST952,Female,57,Clothing,1,25,25
953,2026-07-03,CUST953,Male,45,Beauty,3,30,90
954,2026-07-04,CUST954,Female,50,Electronics,3,300,900
955,2026-07-05,CUST955,Male,58,Clothing,1,25,25
956,2026-07-06,CUST956,Male,30,Clothing,3,500,1500
957,2026-07-07,CUST957,Female,60,Electronics,4,30,120
958,2026-07-08,CUST958,Male,62,Electronics,2,25,50
959,2026-07-09,CUST959,Female,42,Electronics,2,30,60
960,2026-07-10,CUST960,Male,59,Clothing,2,30,60
961,2026-07-11,CUST961,Male,53,Beauty,4,50,200
962,2026-07-12,CUST962,Male,44,Clothing,2,30,60
963,2026-07-13,CUST963,Female,55,Beauty,1,50,50
964,2026-07-14,CUST964,Male,24,Clothing,3,300,900
965,2026-07-15,CUST965,Male,22,Clothing,4,50,200
966,2026-07-16,CUST966,Male,60,Electronics,2,500,1000
967,2026-07-17,CUST967,Male,62,Beauty,1,25,25
968,2026-07-18,CUST968,Female,48,Clothing,3,300,900
969,2026-07-19,CUST969,Female,40,Clothing,3,300,900
970,2026-07-20,CUST970,Male,59,Electronics,4,500,2000
971,2026-07-21,CUST971,Female,27,Electronics,4,50,200
972,2026-07-22,CUST972,Male,49,Beauty,4,25,100
973,2026-07-23,CUST973,Male,60,Clothing,1,50,50
974,2026-07-24,CUST974,Male,47,Beauty,1,30,30
975,2026-07-25,CUST975,Female,56,Clothing,4,50,200
976,2026-07-26,CUST976,Female,48,Beauty,2,300,600
977,2026-07-27,CUST977,Female,35,Electronics,3,25,75
978,2026-07-28,CUST978,Female,53,Clothing,3,50,150
979,2026-07-29,CUST979,Female,19,Beauty,1,25,25
980,2026-07-30,CUST980,Female,31,Electronics,3,25,75
981,2026-07-31,CUST981,Female,30,Electronics,2,30,60
982,2026-08-01,CUST982,Female,46,Beauty,3,30,90
983,2026-08-02,CUST983,Female,29,Clothing,1,300,300
984,2026-08-03,CUST984,Male,56,Clothing,1,500,500
985,2026-08-04,CUST985,Female,19,Electronics,2,25,50
986,2026-08-05,CUST986,Female,49,Clothing,2,500,1000
987,2026-08-06,CUST987,Female,30,Clothing,3,300,900
988,2026-08-07,CUST988,Female,63,Clothing,3,25,75
989,2026-08-08,CUST989,Female,44,Electronics,1,25,25
990,2026-08-09,CUST990,Female,58,Beauty,2,500,1000
991,2026-08-10,CUST991,Female,34,Clothing,2,50,100
992,2026-08-11,CUST992,Female,57,Electronics,2,30,60
993,2026-08-12,CUST993,Female,48,Electronics,3,50,150
994,2026-08-13,CUST994,Female,51,Beauty,2,500,1000
995,2026-08-14,CUST995,Female,41,Clothing,1,30,30
996,2026-08-15,CUST996,Male,62,Clothing,1,50,50
997,2026-08-16,CUST997,Male,52,Beauty,3,30,90
998,2026-08-17,CUST998,Female,23,Beauty,4,25,100
999,2026-08-18,CUST999,Female,36,Electronics,3,50,150
1000,2026-08-19,CUST1000,Male,47,Electronics,4,30,120
